robot_id,event,data
robot3,CONFLICT_YIELD,"{""robot_id"": ""robot3"", ""event"": ""CONFLICT_YIELD"", ""peer"": ""robot1"", ""position"": [10.882157297166543, 4.655528328650121], ""mode"": ""coordinated""}"
robot2,CONFLICT_YIELD,"{""robot_id"": ""robot2"", ""event"": ""CONFLICT_YIELD"", ""peer"": ""robot1"", ""position"": [10.100000150501728, 4.800000071525574], ""mode"": ""coordinated""}"
robot3,CONFLICT_YIELD,"{""robot_id"": ""robot3"", ""event"": ""CONFLICT_YIELD"", ""peer"": ""robot1"", ""position"": [11.169145369069952, 4.523419638327056], ""mode"": ""coordinated""}"
robot3,CONFLICT_YIELD,"{""robot_id"": ""robot3"", ""event"": ""CONFLICT_YIELD"", ""peer"": ""robot1"", ""position"": [10.844555062719508, 4.462935704930658], ""mode"": ""coordinated""}"
robot3,CONFLICT_YIELD,"{""robot_id"": ""robot3"", ""event"": ""CONFLICT_YIELD"", ""peer"": ""robot1"", ""position"": [10.844555062719508, 4.462935704930658], ""mode"": ""coordinated""}"
robot2,OBSTACLE_RECEIVED,"{""robot_id"": ""robot2"", ""event"": ""OBSTACLE_RECEIVED"", ""from"": ""robot1"", ""position"": [10.300266199717768, 4.921584775334137], ""mode"": ""coordinated""}"
robot3,OBSTACLE_RECEIVED,"{""robot_id"": ""robot3"", ""event"": ""OBSTACLE_RECEIVED"", ""from"": ""robot1"", ""position"": [10.300266199717768, 4.921584775334137], ""mode"": ""coordinated""}"
robot1,OBSTACLE_RECEIVED,"{""robot_id"": ""robot1"", ""event"": ""OBSTACLE_RECEIVED"", ""from"": ""robot2"", ""position"": [8.54379817682503, 3.552149553255271], ""mode"": ""coordinated""}"
robot3,OBSTACLE_RECEIVED,"{""robot_id"": ""robot3"", ""event"": ""OBSTACLE_RECEIVED"", ""from"": ""robot2"", ""position"": [8.54379817682503, 3.552149553255271], ""mode"": ""coordinated""}"
robot3,CONFLICT_YIELD,"{""robot_id"": ""robot3"", ""event"": ""CONFLICT_YIELD"", ""peer"": ""robot1"", ""position"": [11.323223282742845, 4.541431494674555], ""mode"": ""coordinated""}"
robot3,OBSTACLE_RECEIVED,"{""robot_id"": ""robot3"", ""event"": ""OBSTACLE_RECEIVED"", ""from"": ""robot1"", ""position"": [10.307233104425856, 5.423465696511326], ""mode"": ""coordinated""}"
robot2,OBSTACLE_RECEIVED,"{""robot_id"": ""robot2"", ""event"": ""OBSTACLE_RECEIVED"", ""from"": ""robot1"", ""position"": [10.307233104425856, 5.423465696511326], ""mode"": ""coordinated""}"
robot3,CONFLICT_YIELD,"{""robot_id"": ""robot3"", ""event"": ""CONFLICT_YIELD"", ""peer"": ""robot1"", ""position"": [11.57153490143321, 4.227837434825858], ""mode"": ""coordinated""}"
robot1,OBSTACLE_RECEIVED,"{""robot_id"": ""robot1"", ""event"": ""OBSTACLE_RECEIVED"", ""from"": ""robot2"", ""position"": [9.002922259823338, 3.785151056526013], ""mode"": ""coordinated""}"
robot3,OBSTACLE_RECEIVED,"{""robot_id"": ""robot3"", ""event"": ""OBSTACLE_RECEIVED"", ""from"": ""robot2"", ""position"": [9.002922259823338, 3.785151056526013], ""mode"": ""coordinated""}"
robot3,CONFLICT_YIELD,"{""robot_id"": ""robot3"", ""event"": ""CONFLICT_YIELD"", ""peer"": ""robot1"", ""position"": [10.955036326572838, 3.659035546467237], ""mode"": ""coordinated""}"
robot3,OBSTACLE_RECEIVED,"{""robot_id"": ""robot3"", ""event"": ""OBSTACLE_RECEIVED"", ""from"": ""robot2"", ""position"": [12.05554427945558, 3.552364246728873], ""mode"": ""coordinated""}"
robot1,OBSTACLE_RECEIVED,"{""robot_id"": ""robot1"", ""event"": ""OBSTACLE_RECEIVED"", ""from"": ""robot2"", ""position"": [12.05554427945558, 3.552364246728873], ""mode"": ""coordinated""}"
robot2,OBSTACLE_RECEIVED,"{""robot_id"": ""robot2"", ""event"": ""OBSTACLE_RECEIVED"", ""from"": ""robot1"", ""position"": [11.972016627082043, 3.5498613748191556], ""mode"": ""coordinated""}"
robot3,OBSTACLE_RECEIVED,"{""robot_id"": ""robot3"", ""event"": ""OBSTACLE_RECEIVED"", ""from"": ""robot1"", ""position"": [11.972016627082043, 3.5498613748191556], ""mode"": ""coordinated""}"
robot2,OBSTACLE_RECEIVED,"{""robot_id"": ""robot2"", ""event"": ""OBSTACLE_RECEIVED"", ""from"": ""robot3"", ""position"": [10.373650214512763, 5.717325870188453], ""mode"": ""coordinated""}"
robot1,OBSTACLE_RECEIVED,"{""robot_id"": ""robot1"", ""event"": ""OBSTACLE_RECEIVED"", ""from"": ""robot3"", ""position"": [10.373650214512763, 5.717325870188453], ""mode"": ""coordinated""}"
robot2,OBSTACLE_RECEIVED,"{""robot_id"": ""robot2"", ""event"": ""OBSTACLE_RECEIVED"", ""from"": ""robot3"", ""position"": [9.468427531415676, 3.8949779480146183], ""mode"": ""coordinated""}"
robot1,OBSTACLE_RECEIVED,"{""robot_id"": ""robot1"", ""event"": ""OBSTACLE_RECEIVED"", ""from"": ""robot3"", ""position"": [9.468427531415676, 3.8949779480146183], ""mode"": ""coordinated""}"
robot3,OBSTACLE_RECEIVED,"{""robot_id"": ""robot3"", ""event"": ""OBSTACLE_RECEIVED"", ""from"": ""robot2"", ""position"": [9.46398883780716, 3.990179157779579], ""mode"": ""coordinated""}"
robot1,OBSTACLE_RECEIVED,"{""robot_id"": ""robot1"", ""event"": ""OBSTACLE_RECEIVED"", ""from"": ""robot2"", ""position"": [9.46398883780716, 3.990179157779579], ""mode"": ""coordinated""}"
robot3,OBSTACLE_RECEIVED,"{""robot_id"": ""robot3"", ""event"": ""OBSTACLE_RECEIVED"", ""from"": ""robot1"", ""position"": [10.308663836022514, 5.735127768784621], ""mode"": ""coordinated""}"
robot2,OBSTACLE_RECEIVED,"{""robot_id"": ""robot2"", ""event"": ""OBSTACLE_RECEIVED"", ""from"": ""robot1"", ""position"": [10.308663836022514, 5.735127768784621], ""mode"": ""coordinated""}"
robot1,OBSTACLE_RECEIVED,"{""robot_id"": ""robot1"", ""event"": ""OBSTACLE_RECEIVED"", ""from"": ""robot2"", ""position"": [11.61258525767613, 3.803599988280391], ""mode"": ""coordinated""}"
robot3,OBSTACLE_RECEIVED,"{""robot_id"": ""robot3"", ""event"": ""OBSTACLE_RECEIVED"", ""from"": ""robot2"", ""position"": [11.61258525767613, 3.803599988280391], ""mode"": ""coordinated""}"
robot3,OBSTACLE_RECEIVED,"{""robot_id"": ""robot3"", ""event"": ""OBSTACLE_RECEIVED"", ""from"": ""robot1"", ""position"": [11.542497261531723, 3.8538768865816735], ""mode"": ""coordinated""}"
robot2,OBSTACLE_RECEIVED,"{""robot_id"": ""robot2"", ""event"": ""OBSTACLE_RECEIVED"", ""from"": ""robot1"", ""position"": [11.542497261531723, 3.8538768865816735], ""mode"": ""coordinated""}"
robot3,CONFLICT_YIELD,"{""robot_id"": ""robot3"", ""event"": ""CONFLICT_YIELD"", ""peer"": ""robot1"", ""position"": [11.096846173656672, 4.347094791339259], ""mode"": ""coordinated""}"
robot1,OBSTACLE_RECEIVED,"{""robot_id"": ""robot1"", ""event"": ""OBSTACLE_RECEIVED"", ""from"": ""robot3"", ""position"": [9.889964854514787, 4.214777088295118], ""mode"": ""coordinated""}"
robot2,OBSTACLE_RECEIVED,"{""robot_id"": ""robot2"", ""event"": ""OBSTACLE_RECEIVED"", ""from"": ""robot3"", ""position"": [9.889964854514787, 4.214777088295118], ""mode"": ""coordinated""}"
robot1,OBSTACLE_RECEIVED,"{""robot_id"": ""robot1"", ""event"": ""OBSTACLE_RECEIVED"", ""from"": ""robot2"", ""position"": [9.925448665693162, 4.292852001810347], ""mode"": ""coordinated""}"
robot3,OBSTACLE_RECEIVED,"{""robot_id"": ""robot3"", ""event"": ""OBSTACLE_RECEIVED"", ""from"": ""robot2"", ""position"": [9.925448665693162, 4.292852001810347], ""mode"": ""coordinated""}"
robot3,CONFLICT_YIELD,"{""robot_id"": ""robot3"", ""event"": ""CONFLICT_YIELD"", ""peer"": ""robot1"", ""position"": [11.096846173656672, 4.347094791339259], ""mode"": ""coordinated""}"
robot2,OBSTACLE_RECEIVED,"{""robot_id"": ""robot2"", ""event"": ""OBSTACLE_RECEIVED"", ""from"": ""robot3"", ""position"": [10.32241693697179, 5.90449063128375], ""mode"": ""coordinated""}"
robot1,OBSTACLE_RECEIVED,"{""robot_id"": ""robot1"", ""event"": ""OBSTACLE_RECEIVED"", ""from"": ""robot3"", ""position"": [10.32241693697179, 5.90449063128375], ""mode"": ""coordinated""}"
robot3,OBSTACLE_RECEIVED,"{""robot_id"": ""robot3"", ""event"": ""OBSTACLE_RECEIVED"", ""from"": ""robot2"", ""position"": [11.241756713207943, 4.223036257399776], ""mode"": ""coordinated""}"
robot1,OBSTACLE_RECEIVED,"{""robot_id"": ""robot1"", ""event"": ""OBSTACLE_RECEIVED"", ""from"": ""robot2"", ""position"": [11.241756713207943, 4.223036257399776], ""mode"": ""coordinated""}"
robot3,CONFLICT_YIELD,"{""robot_id"": ""robot3"", ""event"": ""CONFLICT_YIELD"", ""peer"": ""robot1"", ""position"": [11.116728376101378, 4.344850223434719], ""mode"": ""coordinated""}"
robot3,OBSTACLE_RECEIVED,"{""robot_id"": ""robot3"", ""event"": ""OBSTACLE_RECEIVED"", ""from"": ""robot1"", ""position"": [11.206600550365774, 4.228227905008334], ""mode"": ""coordinated""}"
robot2,OBSTACLE_RECEIVED,"{""robot_id"": ""robot2"", ""event"": ""OBSTACLE_RECEIVED"", ""from"": ""robot1"", ""position"": [11.206600550365774, 4.228227905008334], ""mode"": ""coordinated""}"
robot3,OBSTACLE_RECEIVED,"{""robot_id"": ""robot3"", ""event"": ""OBSTACLE_RECEIVED"", ""from"": ""robot1"", ""position"": [10.303634397510464, 5.89999883438297], ""mode"": ""coordinated""}"
robot2,OBSTACLE_RECEIVED,"{""robot_id"": ""robot2"", ""event"": ""OBSTACLE_RECEIVED"", ""from"": ""robot1"", ""position"": [10.303634397510464, 5.89999883438297], ""mode"": ""coordinated""}"
robot3,CONFLICT_YIELD,"{""robot_id"": ""robot3"", ""event"": ""CONFLICT_YIELD"", ""peer"": ""robot1"", ""position"": [11.116728376101378, 4.344850223434719], ""mode"": ""coordinated""}"
robot1,OBSTACLE_RECEIVED,"{""robot_id"": ""robot1"", ""event"": ""OBSTACLE_RECEIVED"", ""from"": ""robot3"", ""position"": [10.306830710681083, 4.55399745479905], ""mode"": ""coordinated""}"
robot2,OBSTACLE_RECEIVED,"{""robot_id"": ""robot2"", ""event"": ""OBSTACLE_RECEIVED"", ""from"": ""robot3"", ""position"": [10.306830710681083, 4.55399745479905], ""mode"": ""coordinated""}"
robot3,OBSTACLE_RECEIVED,"{""robot_id"": ""robot3"", ""event"": ""OBSTACLE_RECEIVED"", ""from"": ""robot2"", ""position"": [10.35146896886254, 4.623715366763449], ""mode"": ""coordinated""}"
robot1,OBSTACLE_RECEIVED,"{""robot_id"": ""robot1"", ""event"": ""OBSTACLE_RECEIVED"", ""from"": ""robot2"", ""position"": [10.35146896886254, 4.623715366763449], ""mode"": ""coordinated""}"
robot1,OBSTACLE_RECEIVED,"{""robot_id"": ""robot1"", ""event"": ""OBSTACLE_RECEIVED"", ""from"": ""robot2"", ""position"": [10.907242603268088, 4.64277463891953], ""mode"": ""coordinated""}"
robot3,OBSTACLE_RECEIVED,"{""robot_id"": ""robot3"", ""event"": ""OBSTACLE_RECEIVED"", ""from"": ""robot2"", ""position"": [10.907242603268088, 4.64277463891953], ""mode"": ""coordinated""}"
robot2,OBSTACLE_RECEIVED,"{""robot_id"": ""robot2"", ""event"": ""OBSTACLE_RECEIVED"", ""from"": ""robot3"", ""position"": [10.321024099184156, 6.432442943584654], ""mode"": ""coordinated""}"
robot1,OBSTACLE_RECEIVED,"{""robot_id"": ""robot1"", ""event"": ""OBSTACLE_RECEIVED"", ""from"": ""robot3"", ""position"": [10.321024099184156, 6.432442943584654], ""mode"": ""coordinated""}"
robot3,OBSTACLE_RECEIVED,"{""robot_id"": ""robot3"", ""event"": ""OBSTACLE_RECEIVED"", ""from"": ""robot1"", ""position"": [10.901883991482695, 4.6256160061029], ""mode"": ""coordinated""}"
robot2,OBSTACLE_RECEIVED,"{""robot_id"": ""robot2"", ""event"": ""OBSTACLE_RECEIVED"", ""from"": ""robot1"", ""position"": [10.901883991482695, 4.6256160061029], ""mode"": ""coordinated""}"
robot3,OBSTACLE_RECEIVED,"{""robot_id"": ""robot3"", ""event"": ""OBSTACLE_RECEIVED"", ""from"": ""robot1"", ""position"": [10.310144375769836, 6.487661374470267], ""mode"": ""coordinated""}"
robot2,OBSTACLE_RECEIVED,"{""robot_id"": ""robot2"", ""event"": ""OBSTACLE_RECEIVED"", ""from"": ""robot1"", ""position"": [10.310144375769836, 6.487661374470267], ""mode"": ""coordinated""}"
robot3,CONFLICT_YIELD,"{""robot_id"": ""robot3"", ""event"": ""CONFLICT_YIELD"", ""peer"": ""robot1"", ""position"": [10.900000162422657, 4.500000067055225], ""mode"": ""coordinated""}"
robot3,CONFLICT_YIELD,"{""robot_id"": ""robot3"", ""event"": ""CONFLICT_YIELD"", ""peer"": ""robot1"", ""position"": [10.900000162422657, 4.500000067055225], ""mode"": ""coordinated""}"
robot2,OBSTACLE_RECEIVED,"{""robot_id"": ""robot2"", ""event"": ""OBSTACLE_RECEIVED"", ""from"": ""robot3"", ""position"": [10.303270803612051, 6.9357883368361115], ""mode"": ""coordinated""}"
robot1,OBSTACLE_RECEIVED,"{""robot_id"": ""robot1"", ""event"": ""OBSTACLE_RECEIVED"", ""from"": ""robot3"", ""position"": [10.303270803612051, 6.9357883368361115], ""mode"": ""coordinated""}"
robot2,OBSTACLE_RECEIVED,"{""robot_id"": ""robot2"", ""event"": ""OBSTACLE_RECEIVED"", ""from"": ""robot3"", ""position"": [10.608656705771391, 4.8910082235364944], ""mode"": ""coordinated""}"
robot1,OBSTACLE_RECEIVED,"{""robot_id"": ""robot1"", ""event"": ""OBSTACLE_RECEIVED"", ""from"": ""robot3"", ""position"": [10.608656705771391, 4.8910082235364944], ""mode"": ""coordinated""}"
robot3,OBSTACLE_RECEIVED,"{""robot_id"": ""robot3"", ""event"": ""OBSTACLE_RECEIVED"", ""from"": ""robot1"", ""position"": [10.319704211872336, 6.995302459536272], ""mode"": ""coordinated""}"
robot2,OBSTACLE_RECEIVED,"{""robot_id"": ""robot2"", ""event"": ""OBSTACLE_RECEIVED"", ""from"": ""robot1"", ""position"": [10.319704211872336, 6.995302459536272], ""mode"": ""coordinated""}"
robot3,CONFLICT_YIELD,"{""robot_id"": ""robot3"", ""event"": ""CONFLICT_YIELD"", ""peer"": ""robot1"", ""position"": [10.900000162422657, 4.800000071525574], ""mode"": ""coordinated""}"
robot3,OBSTACLE_RECEIVED,"{""robot_id"": ""robot3"", ""event"": ""OBSTACLE_RECEIVED"", ""from"": ""robot2"", ""position"": [10.607451044154459, 5.077711556081674], ""mode"": ""coordinated""}"
robot1,OBSTACLE_RECEIVED,"{""robot_id"": ""robot1"", ""event"": ""OBSTACLE_RECEIVED"", ""from"": ""robot2"", ""position"": [10.607451044154459, 5.077711556081674], ""mode"": ""coordinated""}"
robot3,CONFLICT_YIELD,"{""robot_id"": ""robot3"", ""event"": ""CONFLICT_YIELD"", ""peer"": ""robot1"", ""position"": [10.900000162422657, 4.800000071525574], ""mode"": ""coordinated""}"
robot3,OBSTACLE_RECEIVED,"{""robot_id"": ""robot3"", ""event"": ""OBSTACLE_RECEIVED"", ""from"": ""robot1"", ""position"": [11.034273336386242, 5.117181768619039], ""mode"": ""coordinated""}"
robot2,OBSTACLE_RECEIVED,"{""robot_id"": ""robot2"", ""event"": ""OBSTACLE_RECEIVED"", ""from"": ""robot1"", ""position"": [11.034273336386242, 5.117181768619039], ""mode"": ""coordinated""}"
robot3,OBSTACLE_RECEIVED,"{""robot_id"": ""robot3"", ""event"": ""OBSTACLE_RECEIVED"", ""from"": ""robot2"", ""position"": [11.064025348254722, 5.294165873689094], ""mode"": ""coordinated""}"
robot1,OBSTACLE_RECEIVED,"{""robot_id"": ""robot1"", ""event"": ""OBSTACLE_RECEIVED"", ""from"": ""robot2"", ""position"": [11.064025348254722, 5.294165873689094], ""mode"": ""coordinated""}"
robot2,OBSTACLE_RECEIVED,"{""robot_id"": ""robot2"", ""event"": ""OBSTACLE_RECEIVED"", ""from"": ""robot3"", ""position"": [10.287302133780218, 7.443478236074938], ""mode"": ""coordinated""}"
robot1,OBSTACLE_RECEIVED,"{""robot_id"": ""robot1"", ""event"": ""OBSTACLE_RECEIVED"", ""from"": ""robot3"", ""position"": [10.287302133780218, 7.443478236074938], ""mode"": ""coordinated""}"
robot3,CONFLICT_YIELD,"{""robot_id"": ""robot3"", ""event"": ""CONFLICT_YIELD"", ""peer"": ""robot1"", ""position"": [10.800000160932541, 5.100000075995922], ""mode"": ""coordinated""}"
robot2,OBSTACLE_RECEIVED,"{""robot_id"": ""robot2"", ""event"": ""OBSTACLE_RECEIVED"", ""from"": ""robot3"", ""position"": [10.63494170621975, 5.394499759951693], ""mode"": ""coordinated""}"
robot1,OBSTACLE_RECEIVED,"{""robot_id"": ""robot1"", ""event"": ""OBSTACLE_RECEIVED"", ""from"": ""robot3"", ""position"": [10.63494170621975, 5.394499759951693], ""mode"": ""coordinated""}"
robot3,OBSTACLE_RECEIVED,"{""robot_id"": ""robot3"", ""event"": ""OBSTACLE_RECEIVED"", ""from"": ""robot2"", ""position"": [10.640532234019178, 5.65671000285671], ""mode"": ""coordinated""}"
robot1,OBSTACLE_RECEIVED,"{""robot_id"": ""robot1"", ""event"": ""OBSTACLE_RECEIVED"", ""from"": ""robot2"", ""position"": [10.640532234019178, 5.65671000285671], ""mode"": ""coordinated""}"
robot3,CONFLICT_YIELD,"{""robot_id"": ""robot3"", ""event"": ""CONFLICT_YIELD"", ""peer"": ""robot1"", ""position"": [10.800000160932541, 5.500000081956387], ""mode"": ""coordinated""}"
robot3,OBSTACLE_RECEIVED,"{""robot_id"": ""robot3"", ""event"": ""OBSTACLE_RECEIVED"", ""from"": ""robot1"", ""position"": [11.047199512980848, 5.618263516760048], ""mode"": ""coordinated""}"
robot2,OBSTACLE_RECEIVED,"{""robot_id"": ""robot2"", ""event"": ""OBSTACLE_RECEIVED"", ""from"": ""robot1"", ""position"": [11.047199512980848, 5.618263516760048], ""mode"": ""coordinated""}"
robot2,OBSTACLE_RECEIVED,"{""robot_id"": ""robot2"", ""event"": ""OBSTACLE_RECEIVED"", ""from"": ""robot1"", ""position"": [10.316683263061979, 7.987360696910554], ""mode"": ""coordinated""}"
robot3,OBSTACLE_RECEIVED,"{""robot_id"": ""robot3"", ""event"": ""OBSTACLE_RECEIVED"", ""from"": ""robot1"", ""position"": [10.316683263061979, 7.987360696910554], ""mode"": ""coordinated""}"
robot3,CONFLICT_YIELD,"{""robot_id"": ""robot3"", ""event"": ""CONFLICT_YIELD"", ""peer"": ""robot1"", ""position"": [10.800000160932541, 5.500000081956387], ""mode"": ""coordinated""}"
robot3,CONFLICT_YIELD,"{""robot_id"": ""robot3"", ""event"": ""CONFLICT_YIELD"", ""peer"": ""robot1"", ""position"": [10.700000159442425, 5.600000083446503], ""mode"": ""coordinated""}"
robot1,OBSTACLE_RECEIVED,"{""robot_id"": ""robot1"", ""event"": ""OBSTACLE_RECEIVED"", ""from"": ""robot3"", ""position"": [10.63814747776403, 5.677083539335192], ""mode"": ""coordinated""}"
robot2,OBSTACLE_RECEIVED,"{""robot_id"": ""robot2"", ""event"": ""OBSTACLE_RECEIVED"", ""from"": ""robot3"", ""position"": [10.63814747776403, 5.677083539335192], ""mode"": ""coordinated""}"
robot3,CONFLICT_YIELD,"{""robot_id"": ""robot3"", ""event"": ""CONFLICT_YIELD"", ""peer"": ""robot1"", ""position"": [10.700000159442425, 5.600000083446503], ""mode"": ""coordinated""}"
robot3,CONFLICT_YIELD,"{""robot_id"": ""robot3"", ""event"": ""CONFLICT_YIELD"", ""peer"": ""robot1"", ""position"": [10.700000159442425, 5.700000084936619], ""mode"": ""coordinated""}"
robot3,OBSTACLE_RECEIVED,"{""robot_id"": ""robot3"", ""event"": ""OBSTACLE_RECEIVED"", ""from"": ""robot1"", ""position"": [11.053939595114928, 5.7559273814531124], ""mode"": ""coordinated""}"
robot2,OBSTACLE_RECEIVED,"{""robot_id"": ""robot2"", ""event"": ""OBSTACLE_RECEIVED"", ""from"": ""robot1"", ""position"": [11.053939595114928, 5.7559273814531124], ""mode"": ""coordinated""}"
robot3,CONFLICT_YIELD,"{""robot_id"": ""robot3"", ""event"": ""CONFLICT_YIELD"", ""peer"": ""robot1"", ""position"": [10.700000159442425, 5.700000084936619], ""mode"": ""coordinated""}"
robot3,CONFLICT_YIELD,"{""robot_id"": ""robot3"", ""event"": ""CONFLICT_YIELD"", ""peer"": ""robot1"", ""position"": [10.700000159442425, 5.700000084936619], ""mode"": ""coordinated""}"
robot2,OBSTACLE_RECEIVED,"{""robot_id"": ""robot2"", ""event"": ""OBSTACLE_RECEIVED"", ""from"": ""robot3"", ""position"": [10.626031307956598, 5.751266728253725], ""mode"": ""coordinated""}"
robot1,OBSTACLE_RECEIVED,"{""robot_id"": ""robot1"", ""event"": ""OBSTACLE_RECEIVED"", ""from"": ""robot3"", ""position"": [10.626031307956598, 5.751266728253725], ""mode"": ""coordinated""}"
robot3,CONFLICT_YIELD,"{""robot_id"": ""robot3"", ""event"": ""CONFLICT_YIELD"", ""peer"": ""robot1"", ""position"": [10.700000159442425, 5.700000084936619], ""mode"": ""coordinated""}"
robot3,CONFLICT_YIELD,"{""robot_id"": ""robot3"", ""event"": ""CONFLICT_YIELD"", ""peer"": ""robot1"", ""position"": [10.700000159442425, 5.700000084936619], ""mode"": ""coordinated""}"
robot3,OBSTACLE_RECEIVED,"{""robot_id"": ""robot3"", ""event"": ""OBSTACLE_RECEIVED"", ""from"": ""robot1"", ""position"": [11.094685845743586, 5.815442355316014], ""mode"": ""coordinated""}"
robot2,OBSTACLE_RECEIVED,"{""robot_id"": ""robot2"", ""event"": ""OBSTACLE_RECEIVED"", ""from"": ""robot1"", ""position"": [11.094685845743586, 5.815442355316014], ""mode"": ""coordinated""}"
robot3,CONFLICT_YIELD,"{""robot_id"": ""robot3"", ""event"": ""CONFLICT_YIELD"", ""peer"": ""robot1"", ""position"": [10.700000159442425, 5.700000084936619], ""mode"": ""coordinated""}"
robot3,CONFLICT_YIELD,"{""robot_id"": ""robot3"", ""event"": ""CONFLICT_YIELD"", ""peer"": ""robot1"", ""position"": [10.700000159442425, 5.800000086426735], ""mode"": ""coordinated""}"
robot3,CONFLICT_YIELD,"{""robot_id"": ""robot3"", ""event"": ""CONFLICT_YIELD"", ""peer"": ""robot1"", ""position"": [10.700000159442425, 5.800000086426735], ""mode"": ""coordinated""}"
robot1,OBSTACLE_RECEIVED,"{""robot_id"": ""robot1"", ""event"": ""OBSTACLE_RECEIVED"", ""from"": ""robot3"", ""position"": [10.598019741330662, 6.111356746235063], ""mode"": ""coordinated""}"
robot2,OBSTACLE_RECEIVED,"{""robot_id"": ""robot2"", ""event"": ""OBSTACLE_RECEIVED"", ""from"": ""robot3"", ""position"": [10.598019741330662, 6.111356746235063], ""mode"": ""coordinated""}"
robot3,CONFLICT_YIELD,"{""robot_id"": ""robot3"", ""event"": ""CONFLICT_YIELD"", ""peer"": ""robot1"", ""position"": [10.700000159442425, 5.800000086426735], ""mode"": ""coordinated""}"
robot2,OBSTACLE_RECEIVED,"{""robot_id"": ""robot2"", ""event"": ""OBSTACLE_RECEIVED"", ""from"": ""robot1"", ""position"": [11.108755209700721, 5.904778431641854], ""mode"": ""coordinated""}"
robot3,OBSTACLE_RECEIVED,"{""robot_id"": ""robot3"", ""event"": ""OBSTACLE_RECEIVED"", ""from"": ""robot1"", ""position"": [11.108755209700721, 5.904778431641854], ""mode"": ""coordinated""}"
robot3,CONFLICT_YIELD,"{""robot_id"": ""robot3"", ""event"": ""CONFLICT_YIELD"", ""peer"": ""robot1"", ""position"": [10.700000159442425, 5.800000086426735], ""mode"": ""coordinated""}"
robot1,OBSTACLE_RECEIVED,"{""robot_id"": ""robot1"", ""event"": ""OBSTACLE_RECEIVED"", ""from"": ""robot3"", ""position"": [10.540213401831108, 6.624357903762677], ""mode"": ""coordinated""}"
robot2,OBSTACLE_RECEIVED,"{""robot_id"": ""robot2"", ""event"": ""OBSTACLE_RECEIVED"", ""from"": ""robot3"", ""position"": [10.540213401831108, 6.624357903762677], ""mode"": ""coordinated""}"
robot3,CONFLICT_YIELD,"{""robot_id"": ""robot3"", ""event"": ""CONFLICT_YIELD"", ""peer"": ""robot1"", ""position"": [10.700000159442425, 5.800000086426735], ""mode"": ""coordinated""}"
robot3,CONFLICT_YIELD,"{""robot_id"": ""robot3"", ""event"": ""CONFLICT_YIELD"", ""peer"": ""robot1"", ""position"": [10.700000159442425, 5.800000086426735], ""mode"": ""coordinated""}"
robot2,OBSTACLE_RECEIVED,"{""robot_id"": ""robot2"", ""event"": ""OBSTACLE_RECEIVED"", ""from"": ""robot3"", ""position"": [10.478026250325106, 7.147001853788536], ""mode"": ""coordinated""}"
robot1,OBSTACLE_RECEIVED,"{""robot_id"": ""robot1"", ""event"": ""OBSTACLE_RECEIVED"", ""from"": ""robot3"", ""position"": [10.478026250325106, 7.147001853788536], ""mode"": ""coordinated""}"
robot3,OBSTACLE_RECEIVED,"{""robot_id"": ""robot3"", ""event"": ""OBSTACLE_RECEIVED"", ""from"": ""robot1"", ""position"": [11.10953108631506, 5.92850989680386], ""mode"": ""coordinated""}"
robot2,OBSTACLE_RECEIVED,"{""robot_id"": ""robot2"", ""event"": ""OBSTACLE_RECEIVED"", ""from"": ""robot1"", ""position"": [11.10953108631506, 5.92850989680386], ""mode"": ""coordinated""}"
robot2,OBSTACLE_RECEIVED,"{""robot_id"": ""robot2"", ""event"": ""OBSTACLE_RECEIVED"", ""from"": ""robot3"", ""position"": [10.403156272591943, 7.685660570627781], ""mode"": ""coordinated""}"
robot1,OBSTACLE_RECEIVED,"{""robot_id"": ""robot1"", ""event"": ""OBSTACLE_RECEIVED"", ""from"": ""robot3"", ""position"": [10.403156272591943, 7.685660570627781], ""mode"": ""coordinated""}"
robot2,OBSTACLE_RECEIVED,"{""robot_id"": ""robot2"", ""event"": ""OBSTACLE_RECEIVED"", ""from"": ""robot1"", ""position"": [11.092398532916429, 5.929681097310586], ""mode"": ""coordinated""}"
robot3,OBSTACLE_RECEIVED,"{""robot_id"": ""robot3"", ""event"": ""OBSTACLE_RECEIVED"", ""from"": ""robot1"", ""position"": [11.092398532916429, 5.929681097310586], ""mode"": ""coordinated""}"
robot2,0,"{""robot_id"": ""robot2"", ""waypoint_idx"": 0, ""send_time"": 24.596, ""reach_time"": 58.31, ""duration"": 33.714, ""mode"": ""coordinated"", ""status"": 4}"
robot3,OBSTACLE_RECEIVED,"{""robot_id"": ""robot3"", ""event"": ""OBSTACLE_RECEIVED"", ""from"": ""robot1"", ""position"": [10.177807315285962, 12.757659137884668], ""mode"": ""coordinated""}"
robot2,OBSTACLE_RECEIVED,"{""robot_id"": ""robot2"", ""event"": ""OBSTACLE_RECEIVED"", ""from"": ""robot1"", ""position"": [10.177807315285962, 12.757659137884668], ""mode"": ""coordinated""}"
robot3,OBSTACLE_RECEIVED,"{""robot_id"": ""robot3"", ""event"": ""OBSTACLE_RECEIVED"", ""from"": ""robot2"", ""position"": [11.015517702064935, 10.18262229125729], ""mode"": ""coordinated""}"
robot1,OBSTACLE_RECEIVED,"{""robot_id"": ""robot1"", ""event"": ""OBSTACLE_RECEIVED"", ""from"": ""robot2"", ""position"": [11.015517702064935, 10.18262229125729], ""mode"": ""coordinated""}"
robot3,OBSTACLE_RECEIVED,"{""robot_id"": ""robot3"", ""event"": ""OBSTACLE_RECEIVED"", ""from"": ""robot2"", ""position"": [11.222139698137548, 10.67547683599873], ""mode"": ""coordinated""}"
robot1,OBSTACLE_RECEIVED,"{""robot_id"": ""robot1"", ""event"": ""OBSTACLE_RECEIVED"", ""from"": ""robot2"", ""position"": [11.222139698137548, 10.67547683599873], ""mode"": ""coordinated""}"
robot3,CONFLICT_YIELD,"{""robot_id"": ""robot3"", ""event"": ""CONFLICT_YIELD"", ""peer"": ""robot2"", ""position"": [9.90630126455875, 5.899993221461671], ""mode"": ""coordinated""}"
robot3,OBSTACLE_RECEIVED,"{""robot_id"": ""robot3"", ""event"": ""OBSTACLE_RECEIVED"", ""from"": ""robot1"", ""position"": [10.320781449276687, 12.24310580846565], ""mode"": ""coordinated""}"
robot2,OBSTACLE_RECEIVED,"{""robot_id"": ""robot2"", ""event"": ""OBSTACLE_RECEIVED"", ""from"": ""robot1"", ""position"": [10.320781449276687, 12.24310580846565], ""mode"": ""coordinated""}"
robot3,CONFLICT_YIELD,"{""robot_id"": ""robot3"", ""event"": ""CONFLICT_YIELD"", ""peer"": ""robot2"", ""position"": [9.90630126455875, 5.899993221461671], ""mode"": ""coordinated""}"
robot3,CONFLICT_YIELD,"{""robot_id"": ""robot3"", ""event"": ""CONFLICT_YIELD"", ""peer"": ""robot2"", ""position"": [9.93281417388937, 5.984397214418607], ""mode"": ""coordinated""}"
robot3,OBSTACLE_RECEIVED,"{""robot_id"": ""robot3"", ""event"": ""OBSTACLE_RECEIVED"", ""from"": ""robot2"", ""position"": [11.448594112601878, 11.19620529596239], ""mode"": ""coordinated""}"
robot1,OBSTACLE_RECEIVED,"{""robot_id"": ""robot1"", ""event"": ""OBSTACLE_RECEIVED"", ""from"": ""robot2"", ""position"": [11.448594112601878, 11.19620529596239], ""mode"": ""coordinated""}"
robot3,CONFLICT_YIELD,"{""robot_id"": ""robot3"", ""event"": ""CONFLICT_YIELD"", ""peer"": ""robot2"", ""position"": [9.93281417388937, 5.984397214418607], ""mode"": ""coordinated""}"
robot3,OBSTACLE_RECEIVED,"{""robot_id"": ""robot3"", ""event"": ""OBSTACLE_RECEIVED"", ""from"": ""robot1"", ""position"": [10.282347899052558, 11.73974787922376], ""mode"": ""coordinated""}"
robot2,OBSTACLE_RECEIVED,"{""robot_id"": ""robot2"", ""event"": ""OBSTACLE_RECEIVED"", ""from"": ""robot1"", ""position"": [10.282347899052558, 11.73974787922376], ""mode"": ""coordinated""}"
robot3,CONFLICT_YIELD,"{""robot_id"": ""robot3"", ""event"": ""CONFLICT_YIELD"", ""peer"": ""robot2"", ""position"": [9.985302883167606, 5.988979810312088], ""mode"": ""coordinated""}"
robot3,CONFLICT_YIELD,"{""robot_id"": ""robot3"", ""event"": ""CONFLICT_YIELD"", ""peer"": ""robot2"", ""position"": [9.985302883167606, 5.988979810312088], ""mode"": ""coordinated""}"
robot1,OBSTACLE_RECEIVED,"{""robot_id"": ""robot1"", ""event"": ""OBSTACLE_RECEIVED"", ""from"": ""robot2"", ""position"": [11.636622907441348, 11.687951473847551], ""mode"": ""coordinated""}"
robot3,OBSTACLE_RECEIVED,"{""robot_id"": ""robot3"", ""event"": ""OBSTACLE_RECEIVED"", ""from"": ""robot2"", ""position"": [11.636622907441348, 11.687951473847551], ""mode"": ""coordinated""}"
robot3,OBSTACLE_RECEIVED,"{""robot_id"": ""robot3"", ""event"": ""OBSTACLE_RECEIVED"", ""from"": ""robot1"", ""position"": [10.226820671221395, 11.201433715350216], ""mode"": ""coordinated""}"
robot2,OBSTACLE_RECEIVED,"{""robot_id"": ""robot2"", ""event"": ""OBSTACLE_RECEIVED"", ""from"": ""robot1"", ""position"": [10.226820671221395, 11.201433715350216], ""mode"": ""coordinated""}"
robot3,CONFLICT_YIELD,"{""robot_id"": ""robot3"", ""event"": ""CONFLICT_YIELD"", ""peer"": ""robot2"", ""position"": [9.986466365850958, 5.989026349619422], ""mode"": ""coordinated""}"
robot3,CONFLICT_YIELD,"{""robot_id"": ""robot3"", ""event"": ""CONFLICT_YIELD"", ""peer"": ""robot2"", ""position"": [9.986466365850958, 5.989026349619422], ""mode"": ""coordinated""}"
robot3,CONFLICT_YIELD,"{""robot_id"": ""robot3"", ""event"": ""CONFLICT_YIELD"", ""peer"": ""robot2"", ""position"": [10.117972715466806, 5.993411725661332], ""mode"": ""coordinated""}"
robot3,OBSTACLE_RECEIVED,"{""robot_id"": ""robot3"", ""event"": ""OBSTACLE_RECEIVED"", ""from"": ""robot2"", ""position"": [11.844260837944638, 12.176193931503708], ""mode"": ""coordinated""}"
robot1,OBSTACLE_RECEIVED,"{""robot_id"": ""robot1"", ""event"": ""OBSTACLE_RECEIVED"", ""from"": ""robot2"", ""position"": [11.844260837944638, 12.176193931503708], ""mode"": ""coordinated""}"
robot3,OBSTACLE_RECEIVED,"{""robot_id"": ""robot3"", ""event"": ""OBSTACLE_RECEIVED"", ""from"": ""robot1"", ""position"": [10.238478010383067, 10.630872045753376], ""mode"": ""coordinated""}"
robot2,OBSTACLE_RECEIVED,"{""robot_id"": ""robot2"", ""event"": ""OBSTACLE_RECEIVED"", ""from"": ""robot1"", ""position"": [10.238478010383067, 10.630872045753376], ""mode"": ""coordinated""}"
robot3,CONFLICT_YIELD,"{""robot_id"": ""robot3"", ""event"": ""CONFLICT_YIELD"", ""peer"": ""robot2"", ""position"": [10.117972715466806, 5.993411725661332], ""mode"": ""coordinated""}"
robot3,CONFLICT_YIELD,"{""robot_id"": ""robot3"", ""event"": ""CONFLICT_YIELD"", ""peer"": ""robot2"", ""position"": [10.105256040472625, 6.082809157413379], ""mode"": ""coordinated""}"
robot3,CONFLICT_YIELD,"{""robot_id"": ""robot3"", ""event"": ""CONFLICT_YIELD"", ""peer"": ""robot2"", ""position"": [10.105256040472625, 6.082809157413379], ""mode"": ""coordinated""}"
robot3,CONFLICT_YIELD,"{""robot_id"": ""robot3"", ""event"": ""CONFLICT_YIELD"", ""peer"": ""robot2"", ""position"": [10.013185268836992, 6.080361266141551], ""mode"": ""coordinated""}"
robot3,CONFLICT_YIELD,"{""robot_id"": ""robot3"", ""event"": ""CONFLICT_YIELD"", ""peer"": ""robot2"", ""position"": [10.162849577707789, 6.090298934136314], ""mode"": ""coordinated""}"
robot3,CONFLICT_YIELD,"{""robot_id"": ""robot3"", ""event"": ""CONFLICT_YIELD"", ""peer"": ""robot2"", ""position"": [10.037699276770638, 6.082379241025137], ""mode"": ""coordinated""}"
robot3,CONFLICT_YIELD,"{""robot_id"": ""robot3"", ""event"": ""CONFLICT_YIELD"", ""peer"": ""robot2"", ""position"": [10.18741546552502, 6.091521926097897], ""mode"": ""coordinated""}"
robot3,CONFLICT_YIELD,"{""robot_id"": ""robot3"", ""event"": ""CONFLICT_YIELD"", ""peer"": ""robot2"", ""position"": [10.197720488871937, 6.091968627154358], ""mode"": ""coordinated""}"
robot3,CONFLICT_YIELD,"{""robot_id"": ""robot3"", ""event"": ""CONFLICT_YIELD"", ""peer"": ""robot2"", ""position"": [10.197720488871937, 6.091968627154358], ""mode"": ""coordinated""}"
robot1,OBSTACLE_RECEIVED,"{""robot_id"": ""robot1"", ""event"": ""OBSTACLE_RECEIVED"", ""from"": ""robot3"", ""position"": [10.19952475304352, 8.821083831252556], ""mode"": ""coordinated""}"
robot2,OBSTACLE_RECEIVED,"{""robot_id"": ""robot2"", ""event"": ""OBSTACLE_RECEIVED"", ""from"": ""robot3"", ""position"": [10.19952475304352, 8.821083831252556], ""mode"": ""coordinated""}"
robot3,CONFLICT_YIELD,"{""robot_id"": ""robot3"", ""event"": ""CONFLICT_YIELD"", ""peer"": ""robot2"", ""position"": [10.204342040484278, 6.095246215093823], ""mode"": ""coordinated""}"
robot3,CONFLICT_YIELD,"{""robot_id"": ""robot3"", ""event"": ""CONFLICT_YIELD"", ""peer"": ""robot2"", ""position"": [10.204342040484278, 6.095246215093823], ""mode"": ""coordinated""}"
robot3,CONFLICT_YIELD,"{""robot_id"": ""robot3"", ""event"": ""CONFLICT_YIELD"", ""peer"": ""robot2"", ""position"": [10.204342040484278, 6.095246215093823], ""mode"": ""coordinated""}"
robot2,OBSTACLE_RECEIVED,"{""robot_id"": ""robot2"", ""event"": ""OBSTACLE_RECEIVED"", ""from"": ""robot3"", ""position"": [10.21102291633296, 8.212226134915928], ""mode"": ""coordinated""}"
robot1,OBSTACLE_RECEIVED,"{""robot_id"": ""robot1"", ""event"": ""OBSTACLE_RECEIVED"", ""from"": ""robot3"", ""position"": [10.21102291633296, 8.212226134915928], ""mode"": ""coordinated""}"
robot3,CONFLICT_YIELD,"{""robot_id"": ""robot3"", ""event"": ""CONFLICT_YIELD"", ""peer"": ""robot2"", ""position"": [10.204342040484278, 6.095246215093823], ""mode"": ""coordinated""}"
robot1,OBSTACLE_RECEIVED,"{""robot_id"": ""robot1"", ""event"": ""OBSTACLE_RECEIVED"", ""from"": ""robot2"", ""position"": [10.617313326817506, 6.222118920237221], ""mode"": ""coordinated""}"
robot3,OBSTACLE_RECEIVED,"{""robot_id"": ""robot3"", ""event"": ""OBSTACLE_RECEIVED"", ""from"": ""robot2"", ""position"": [10.617313326817506, 6.222118920237221], ""mode"": ""coordinated""}"
robot3,CONFLICT_YIELD,"{""robot_id"": ""robot3"", ""event"": ""CONFLICT_YIELD"", ""peer"": ""robot2"", ""position"": [10.204342040484278, 6.095246215093823], ""mode"": ""coordinated""}"
robot3,CONFLICT_YIELD,"{""robot_id"": ""robot3"", ""event"": ""CONFLICT_YIELD"", ""peer"": ""robot2"", ""position"": [10.400000154972076, 6.200000092387199], ""mode"": ""coordinated""}"
robot1,OBSTACLE_RECEIVED,"{""robot_id"": ""robot1"", ""event"": ""OBSTACLE_RECEIVED"", ""from"": ""robot3"", ""position"": [10.213251275842747, 7.6888277019560585], ""mode"": ""coordinated""}"
robot2,OBSTACLE_RECEIVED,"{""robot_id"": ""robot2"", ""event"": ""OBSTACLE_RECEIVED"", ""from"": ""robot3"", ""position"": [10.213251275842747, 7.6888277019560585], ""mode"": ""coordinated""}"
robot3,CONFLICT_YIELD,"{""robot_id"": ""robot3"", ""event"": ""CONFLICT_YIELD"", ""peer"": ""robot2"", ""position"": [10.400000154972076, 6.200000092387199], ""mode"": ""coordinated""}"
robot3,CONFLICT_YIELD,"{""robot_id"": ""robot3"", ""event"": ""CONFLICT_YIELD"", ""peer"": ""robot2"", ""position"": [10.30000015348196, 6.200000092387199], ""mode"": ""coordinated""}"
robot1,OBSTACLE_RECEIVED,"{""robot_id"": ""robot1"", ""event"": ""OBSTACLE_RECEIVED"", ""from"": ""robot2"", ""position"": [10.577566677015374, 6.219316871089471], ""mode"": ""coordinated""}"
robot3,OBSTACLE_RECEIVED,"{""robot_id"": ""robot3"", ""event"": ""OBSTACLE_RECEIVED"", ""from"": ""robot2"", ""position"": [10.577566677015374, 6.219316871089471], ""mode"": ""coordinated""}"
robot3,CONFLICT_YIELD,"{""robot_id"": ""robot3"", ""event"": ""CONFLICT_YIELD"", ""peer"": ""robot2"", ""position"": [10.30000015348196, 6.200000092387199], ""mode"": ""coordinated""}"
robot1,OBSTACLE_RECEIVED,"{""robot_id"": ""robot1"", ""event"": ""OBSTACLE_RECEIVED"", ""from"": ""robot3"", ""position"": [10.14983467733517, 7.178554518399068], ""mode"": ""coordinated""}"
robot2,OBSTACLE_RECEIVED,"{""robot_id"": ""robot2"", ""event"": ""OBSTACLE_RECEIVED"", ""from"": ""robot3"", ""position"": [10.14983467733517, 7.178554518399068], ""mode"": ""coordinated""}"
robot3,CONFLICT_YIELD,"{""robot_id"": ""robot3"", ""event"": ""CONFLICT_YIELD"", ""peer"": ""robot2"", ""position"": [10.30000015348196, 6.200000092387199], ""mode"": ""coordinated""}"
robot3,CONFLICT_YIELD,"{""robot_id"": ""robot3"", ""event"": ""CONFLICT_YIELD"", ""peer"": ""robot2"", ""position"": [10.30000015348196, 6.200000092387199], ""mode"": ""coordinated""}"
robot2,OBSTACLE_RECEIVED,"{""robot_id"": ""robot2"", ""event"": ""OBSTACLE_RECEIVED"", ""from"": ""robot3"", ""position"": [10.013885736935578, 6.690034154711464], ""mode"": ""coordinated""}"
robot1,OBSTACLE_RECEIVED,"{""robot_id"": ""robot1"", ""event"": ""OBSTACLE_RECEIVED"", ""from"": ""robot3"", ""position"": [10.013885736935578, 6.690034154711464], ""mode"": ""coordinated""}"
robot3,CONFLICT_YIELD,"{""robot_id"": ""robot3"", ""event"": ""CONFLICT_YIELD"", ""peer"": ""robot2"", ""position"": [10.30000015348196, 6.200000092387199], ""mode"": ""coordinated""}"
robot1,OBSTACLE_RECEIVED,"{""robot_id"": ""robot1"", ""event"": ""OBSTACLE_RECEIVED"", ""from"": ""robot2"", ""position"": [10.41719977776572, 6.174064621012901], ""mode"": ""coordinated""}"
robot3,OBSTACLE_RECEIVED,"{""robot_id"": ""robot3"", ""event"": ""OBSTACLE_RECEIVED"", ""from"": ""robot2"", ""position"": [10.41719977776572, 6.174064621012901], ""mode"": ""coordinated""}"
robot3,CONFLICT_YIELD,"{""robot_id"": ""robot3"", ""event"": ""CONFLICT_YIELD"", ""peer"": ""robot2"", ""position"": [10.30000015348196, 6.200000092387199], ""mode"": ""coordinated""}"
robot3,CONFLICT_YIELD,"{""robot_id"": ""robot3"", ""event"": ""CONFLICT_YIELD"", ""peer"": ""robot2"", ""position"": [10.200000151991844, 6.200000092387199], ""mode"": ""coordinated""}"
robot2,OBSTACLE_RECEIVED,"{""robot_id"": ""robot2"", ""event"": ""OBSTACLE_RECEIVED"", ""from"": ""robot3"", ""position"": [9.84070007069133, 6.193545150635408], ""mode"": ""coordinated""}"
robot1,OBSTACLE_RECEIVED,"{""robot_id"": ""robot1"", ""event"": ""OBSTACLE_RECEIVED"", ""from"": ""robot3"", ""position"": [9.84070007069133, 6.193545150635408], ""mode"": ""coordinated""}"
robot3,CONFLICT_YIELD,"{""robot_id"": ""robot3"", ""event"": ""CONFLICT_YIELD"", ""peer"": ""robot2"", ""position"": [10.200000151991844, 6.200000092387199], ""mode"": ""coordinated""}"
robot3,CONFLICT_YIELD,"{""robot_id"": ""robot3"", ""event"": ""CONFLICT_YIELD"", ""peer"": ""robot2"", ""position"": [10.200000151991844, 6.200000092387199], ""mode"": ""coordinated""}"
robot1,0,"{""robot_id"": ""robot1"", ""waypoint_idx"": 0, ""send_time"": 18.726, ""reach_time"": 77.098, ""duration"": 58.372, ""mode"": ""coordinated"", ""status"": 4}"
robot1,OBSTACLE_RECEIVED,"{""robot_id"": ""robot1"", ""event"": ""OBSTACLE_RECEIVED"", ""from"": ""robot2"", ""position"": [10.325474992729731, 6.167134810892617], ""mode"": ""coordinated""}"
robot3,OBSTACLE_RECEIVED,"{""robot_id"": ""robot3"", ""event"": ""OBSTACLE_RECEIVED"", ""from"": ""robot2"", ""position"": [10.325474992729731, 6.167134810892617], ""mode"": ""coordinated""}"
robot3,CONFLICT_YIELD,"{""robot_id"": ""robot3"", ""event"": ""CONFLICT_YIELD"", ""peer"": ""robot2"", ""position"": [10.200000151991844, 6.200000092387199], ""mode"": ""coordinated""}"
robot2,OBSTACLE_RECEIVED,"{""robot_id"": ""robot2"", ""event"": ""OBSTACLE_RECEIVED"", ""from"": ""robot3"", ""position"": [9.769709739204089, 5.6972351407183535], ""mode"": ""coordinated""}"
robot1,OBSTACLE_RECEIVED,"{""robot_id"": ""robot1"", ""event"": ""OBSTACLE_RECEIVED"", ""from"": ""robot3"", ""position"": [9.769709739204089, 5.6972351407183535], ""mode"": ""coordinated""}"
robot3,CONFLICT_YIELD,"{""robot_id"": ""robot3"", ""event"": ""CONFLICT_YIELD"", ""peer"": ""robot2"", ""position"": [10.100000150501728, 6.200000092387199], ""mode"": ""coordinated""}"
robot3,CONFLICT_YIELD,"{""robot_id"": ""robot3"", ""event"": ""CONFLICT_YIELD"", ""peer"": ""robot2"", ""position"": [10.100000150501728, 6.200000092387199], ""mode"": ""coordinated""}"
robot1,OBSTACLE_RECEIVED,"{""robot_id"": ""robot1"", ""event"": ""OBSTACLE_RECEIVED"", ""from"": ""robot3"", ""position"": [9.73752011049276, 5.196513221368213], ""mode"": ""coordinated""}"
robot2,OBSTACLE_RECEIVED,"{""robot_id"": ""robot2"", ""event"": ""OBSTACLE_RECEIVED"", ""from"": ""robot3"", ""position"": [9.73752011049276, 5.196513221368213], ""mode"": ""coordinated""}"
robot3,OBSTACLE_RECEIVED,"{""robot_id"": ""robot3"", ""event"": ""OBSTACLE_RECEIVED"", ""from"": ""robot2"", ""position"": [10.32265241348703, 6.247301729634723], ""mode"": ""coordinated""}"
robot1,OBSTACLE_RECEIVED,"{""robot_id"": ""robot1"", ""event"": ""OBSTACLE_RECEIVED"", ""from"": ""robot2"", ""position"": [10.32265241348703, 6.247301729634723], ""mode"": ""coordinated""}"
robot2,OBSTACLE_RECEIVED,"{""robot_id"": ""robot2"", ""event"": ""OBSTACLE_RECEIVED"", ""from"": ""robot3"", ""position"": [9.739804966000824, 4.688916628767817], ""mode"": ""coordinated""}"
robot1,OBSTACLE_RECEIVED,"{""robot_id"": ""robot1"", ""event"": ""OBSTACLE_RECEIVED"", ""from"": ""robot3"", ""position"": [9.739804966000824, 4.688916628767817], ""mode"": ""coordinated""}"
robot3,OBSTACLE_RECEIVED,"{""robot_id"": ""robot3"", ""event"": ""OBSTACLE_RECEIVED"", ""from"": ""robot2"", ""position"": [10.327265093503877, 6.2214394952232235], ""mode"": ""coordinated""}"
robot1,OBSTACLE_RECEIVED,"{""robot_id"": ""robot1"", ""event"": ""OBSTACLE_RECEIVED"", ""from"": ""robot2"", ""position"": [10.327265093503877, 6.2214394952232235], ""mode"": ""coordinated""}"
robot2,OBSTACLE_RECEIVED,"{""robot_id"": ""robot2"", ""event"": ""OBSTACLE_RECEIVED"", ""from"": ""robot3"", ""position"": [9.74489966683839, 4.1387212916262515], ""mode"": ""coordinated""}"
robot1,OBSTACLE_RECEIVED,"{""robot_id"": ""robot1"", ""event"": ""OBSTACLE_RECEIVED"", ""from"": ""robot3"", ""position"": [9.74489966683839, 4.1387212916262515], ""mode"": ""coordinated""}"
robot2,1,"{""robot_id"": ""robot2"", ""waypoint_idx"": 1, ""send_time"": 58.31, ""reach_time"": 89.85, ""duration"": 31.54, ""mode"": ""coordinated"", ""status"": 4}"
robot2,ALL_DONE,"{""robot_id"": ""robot2"", ""event"": ""ALL_DONE"", ""total_time"": 69.85, ""mode"": ""coordinated""}"
robot3,CONFLICT_YIELD,"{""robot_id"": ""robot3"", ""event"": ""CONFLICT_YIELD"", ""peer"": ""robot1"", ""position"": [9.165623610699527, 5.953420346281234], ""mode"": ""coordinated""}"
robot3,CONFLICT_YIELD,"{""robot_id"": ""robot3"", ""event"": ""CONFLICT_YIELD"", ""peer"": ""robot1"", ""position"": [9.332431169337497, 6.042242903146786], ""mode"": ""coordinated""}"
robot3,CONFLICT_YIELD,"{""robot_id"": ""robot3"", ""event"": ""CONFLICT_YIELD"", ""peer"": ""robot1"", ""position"": [9.332431169337497, 6.042242903146786], ""mode"": ""coordinated""}"
robot3,CONFLICT_YIELD,"{""robot_id"": ""robot3"", ""event"": ""CONFLICT_YIELD"", ""peer"": ""robot1"", ""position"": [9.332431169337497, 6.042242903146786], ""mode"": ""coordinated""}"
robot3,CONFLICT_YIELD,"{""robot_id"": ""robot3"", ""event"": ""CONFLICT_YIELD"", ""peer"": ""robot1"", ""position"": [9.457840869692575, 6.122105498941323], ""mode"": ""coordinated""}"
robot3,CONFLICT_YIELD,"{""robot_id"": ""robot3"", ""event"": ""CONFLICT_YIELD"", ""peer"": ""robot1"", ""position"": [9.428024432480697, 6.095723815198596], ""mode"": ""coordinated""}"
robot3,CONFLICT_YIELD,"{""robot_id"": ""robot3"", ""event"": ""CONFLICT_YIELD"", ""peer"": ""robot1"", ""position"": [9.428024432480697, 6.095723815198596], ""mode"": ""coordinated""}"
robot3,CONFLICT_YIELD,"{""robot_id"": ""robot3"", ""event"": ""CONFLICT_YIELD"", ""peer"": ""robot1"", ""position"": [9.457840869692575, 6.122105498941323], ""mode"": ""coordinated""}"
robot3,CONFLICT_YIELD,"{""robot_id"": ""robot3"", ""event"": ""CONFLICT_YIELD"", ""peer"": ""robot1"", ""position"": [9.457840869692575, 6.122105498941323], ""mode"": ""coordinated""}"
robot3,CONFLICT_YIELD,"{""robot_id"": ""robot3"", ""event"": ""CONFLICT_YIELD"", ""peer"": ""robot1"", ""position"": [9.537000416770582, 6.199146363126431], ""mode"": ""coordinated""}"
robot3,CONFLICT_YIELD,"{""robot_id"": ""robot3"", ""event"": ""CONFLICT_YIELD"", ""peer"": ""robot1"", ""position"": [9.537000416770582, 6.199146363126431], ""mode"": ""coordinated""}"
robot3,CONFLICT_YIELD,"{""robot_id"": ""robot3"", ""event"": ""CONFLICT_YIELD"", ""peer"": ""robot1"", ""position"": [9.56219038906977, 6.22790536624052], ""mode"": ""coordinated""}"
robot1,OBSTACLE_RECEIVED,"{""robot_id"": ""robot1"", ""event"": ""OBSTACLE_RECEIVED"", ""from"": ""robot3"", ""position"": [10.458764283518242, 8.687944409096593], ""mode"": ""coordinated""}"
robot2,OBSTACLE_RECEIVED,"{""robot_id"": ""robot2"", ""event"": ""OBSTACLE_RECEIVED"", ""from"": ""robot3"", ""position"": [10.458764283518242, 8.687944409096593], ""mode"": ""coordinated""}"
robot2,OBSTACLE_RECEIVED,"{""robot_id"": ""robot2"", ""event"": ""OBSTACLE_RECEIVED"", ""from"": ""robot1"", ""position"": [9.870159048965187, 6.501907224379157], ""mode"": ""coordinated""}"
robot3,OBSTACLE_RECEIVED,"{""robot_id"": ""robot3"", ""event"": ""OBSTACLE_RECEIVED"", ""from"": ""robot1"", ""position"": [9.870159048965187, 6.501907224379157], ""mode"": ""coordinated""}"
robot2,OBSTACLE_RECEIVED,"{""robot_id"": ""robot2"", ""event"": ""OBSTACLE_RECEIVED"", ""from"": ""robot3"", ""position"": [10.37604689092855, 8.065471237748916], ""mode"": ""coordinated""}"
robot1,OBSTACLE_RECEIVED,"{""robot_id"": ""robot1"", ""event"": ""OBSTACLE_RECEIVED"", ""from"": ""robot3"", ""position"": [10.37604689092855, 8.065471237748916], ""mode"": ""coordinated""}"
robot3,OBSTACLE_RECEIVED,"{""robot_id"": ""robot3"", ""event"": ""OBSTACLE_RECEIVED"", ""from"": ""robot1"", ""position"": [9.901005475468603, 6.441162408629476], ""mode"": ""coordinated""}"
robot2,OBSTACLE_RECEIVED,"{""robot_id"": ""robot2"", ""event"": ""OBSTACLE_RECEIVED"", ""from"": ""robot1"", ""position"": [9.901005475468603, 6.441162408629476], ""mode"": ""coordinated""}"
robot1,OBSTACLE_RECEIVED,"{""robot_id"": ""robot1"", ""event"": ""OBSTACLE_RECEIVED"", ""from"": ""robot3"", ""position"": [10.340159415961292, 7.543709745374058], ""mode"": ""coordinated""}"
robot2,OBSTACLE_RECEIVED,"{""robot_id"": ""robot2"", ""event"": ""OBSTACLE_RECEIVED"", ""from"": ""robot3"", ""position"": [10.340159415961292, 7.543709745374058], ""mode"": ""coordinated""}"
robot2,OBSTACLE_RECEIVED,"{""robot_id"": ""robot2"", ""event"": ""OBSTACLE_RECEIVED"", ""from"": ""robot3"", ""position"": [10.366766247040026, 7.0023666569536], ""mode"": ""coordinated""}"
robot1,OBSTACLE_RECEIVED,"{""robot_id"": ""robot1"", ""event"": ""OBSTACLE_RECEIVED"", ""from"": ""robot3"", ""position"": [10.366766247040026, 7.0023666569536], ""mode"": ""coordinated""}"
robot3,OBSTACLE_RECEIVED,"{""robot_id"": ""robot3"", ""event"": ""OBSTACLE_RECEIVED"", ""from"": ""robot1"", ""position"": [9.904844484285045, 6.440720238320047], ""mode"": ""coordinated""}"
robot2,OBSTACLE_RECEIVED,"{""robot_id"": ""robot2"", ""event"": ""OBSTACLE_RECEIVED"", ""from"": ""robot1"", ""position"": [9.904844484285045, 6.440720238320047], ""mode"": ""coordinated""}"
robot1,OBSTACLE_RECEIVED,"{""robot_id"": ""robot1"", ""event"": ""OBSTACLE_RECEIVED"", ""from"": ""robot3"", ""position"": [10.33914628723424, 6.484682949076906], ""mode"": ""coordinated""}"
robot2,OBSTACLE_RECEIVED,"{""robot_id"": ""robot2"", ""event"": ""OBSTACLE_RECEIVED"", ""from"": ""robot3"", ""position"": [10.33914628723424, 6.484682949076906], ""mode"": ""coordinated""}"
robot3,OBSTACLE_RECEIVED,"{""robot_id"": ""robot3"", ""event"": ""OBSTACLE_RECEIVED"", ""from"": ""robot1"", ""position"": [9.829129185100184, 6.3903152238564465], ""mode"": ""coordinated""}"
robot2,OBSTACLE_RECEIVED,"{""robot_id"": ""robot2"", ""event"": ""OBSTACLE_RECEIVED"", ""from"": ""robot1"", ""position"": [9.829129185100184, 6.3903152238564465], ""mode"": ""coordinated""}"
robot2,OBSTACLE_RECEIVED,"{""robot_id"": ""robot2"", ""event"": ""OBSTACLE_RECEIVED"", ""from"": ""robot3"", ""position"": [10.15829806336769, 6.005881526782407], ""mode"": ""coordinated""}"
robot1,OBSTACLE_RECEIVED,"{""robot_id"": ""robot1"", ""event"": ""OBSTACLE_RECEIVED"", ""from"": ""robot3"", ""position"": [10.15829806336769, 6.005881526782407], ""mode"": ""coordinated""}"
robot2,OBSTACLE_RECEIVED,"{""robot_id"": ""robot2"", ""event"": ""OBSTACLE_RECEIVED"", ""from"": ""robot3"", ""position"": [9.85166835659683, 5.606853993736923], ""mode"": ""coordinated""}"
robot1,OBSTACLE_RECEIVED,"{""robot_id"": ""robot1"", ""event"": ""OBSTACLE_RECEIVED"", ""from"": ""robot3"", ""position"": [9.85166835659683, 5.606853993736923], ""mode"": ""coordinated""}"
robot3,OBSTACLE_RECEIVED,"{""robot_id"": ""robot3"", ""event"": ""OBSTACLE_RECEIVED"", ""from"": ""robot1"", ""position"": [9.803397658142094, 6.335709733618958], ""mode"": ""coordinated""}"
robot2,OBSTACLE_RECEIVED,"{""robot_id"": ""robot2"", ""event"": ""OBSTACLE_RECEIVED"", ""from"": ""robot1"", ""position"": [9.803397658142094, 6.335709733618958], ""mode"": ""coordinated""}"
robot2,OBSTACLE_RECEIVED,"{""robot_id"": ""robot2"", ""event"": ""OBSTACLE_RECEIVED"", ""from"": ""robot3"", ""position"": [9.511436377702212, 5.2384941662047515], ""mode"": ""coordinated""}"
robot1,OBSTACLE_RECEIVED,"{""robot_id"": ""robot1"", ""event"": ""OBSTACLE_RECEIVED"", ""from"": ""robot3"", ""position"": [9.511436377702212, 5.2384941662047515], ""mode"": ""coordinated""}"
robot1,OBSTACLE_RECEIVED,"{""robot_id"": ""robot1"", ""event"": ""OBSTACLE_RECEIVED"", ""from"": ""robot3"", ""position"": [9.128947695170117, 4.861034811024918], ""mode"": ""coordinated""}"
robot2,OBSTACLE_RECEIVED,"{""robot_id"": ""robot2"", ""event"": ""OBSTACLE_RECEIVED"", ""from"": ""robot3"", ""position"": [9.128947695170117, 4.861034811024918], ""mode"": ""coordinated""}"
robot3,OBSTACLE_RECEIVED,"{""robot_id"": ""robot3"", ""event"": ""OBSTACLE_RECEIVED"", ""from"": ""robot1"", ""position"": [9.782182015738066, 6.4569592705716055], ""mode"": ""coordinated""}"
robot2,OBSTACLE_RECEIVED,"{""robot_id"": ""robot2"", ""event"": ""OBSTACLE_RECEIVED"", ""from"": ""robot1"", ""position"": [9.782182015738066, 6.4569592705716055], ""mode"": ""coordinated""}"
robot2,OBSTACLE_RECEIVED,"{""robot_id"": ""robot2"", ""event"": ""OBSTACLE_RECEIVED"", ""from"": ""robot3"", ""position"": [8.73593411295565, 4.503338110749934], ""mode"": ""coordinated""}"
robot1,OBSTACLE_RECEIVED,"{""robot_id"": ""robot1"", ""event"": ""OBSTACLE_RECEIVED"", ""from"": ""robot3"", ""position"": [8.73593411295565, 4.503338110749934], ""mode"": ""coordinated""}"
robot1,OBSTACLE_RECEIVED,"{""robot_id"": ""robot1"", ""event"": ""OBSTACLE_RECEIVED"", ""from"": ""robot2"", ""position"": [8.691671419231355, 4.429123436815737], ""mode"": ""coordinated""}"
robot3,OBSTACLE_RECEIVED,"{""robot_id"": ""robot3"", ""event"": ""OBSTACLE_RECEIVED"", ""from"": ""robot2"", ""position"": [8.691671419231355, 4.429123436815737], ""mode"": ""coordinated""}"
robot3,OBSTACLE_RECEIVED,"{""robot_id"": ""robot3"", ""event"": ""OBSTACLE_RECEIVED"", ""from"": ""robot1"", ""position"": [9.769747420559984, 6.491283708086581], ""mode"": ""coordinated""}"
robot2,OBSTACLE_RECEIVED,"{""robot_id"": ""robot2"", ""event"": ""OBSTACLE_RECEIVED"", ""from"": ""robot1"", ""position"": [9.769747420559984, 6.491283708086581], ""mode"": ""coordinated""}"
robot2,OBSTACLE_RECEIVED,"{""robot_id"": ""robot2"", ""event"": ""OBSTACLE_RECEIVED"", ""from"": ""robot3"", ""position"": [8.260494361322024, 4.056633588702675], ""mode"": ""coordinated""}"
robot1,OBSTACLE_RECEIVED,"{""robot_id"": ""robot1"", ""event"": ""OBSTACLE_RECEIVED"", ""from"": ""robot3"", ""position"": [8.260494361322024, 4.056633588702675], ""mode"": ""coordinated""}"
robot1,1,"{""robot_id"": ""robot1"", ""waypoint_idx"": 1, ""send_time"": 77.098, ""reach_time"": 133.905, ""duration"": 56.807, ""mode"": ""coordinated"", ""status"": 4}"
robot1,ALL_DONE,"{""robot_id"": ""robot1"", ""event"": ""ALL_DONE"", ""total_time"": 115.179, ""mode"": ""coordinated""}"
robot3,0,"{""robot_id"": ""robot3"", ""waypoint_idx"": 0, ""send_time"": 18.726, ""reach_time"": 257.724, ""duration"": 238.998, ""mode"": ""coordinated"", ""status"": 4}"
robot2,OBSTACLE_RECEIVED,"{""robot_id"": ""robot2"", ""event"": ""OBSTACLE_RECEIVED"", ""from"": ""robot3"", ""position"": [3.0270517764167812, 1.8911045044694355], ""mode"": ""coordinated""}"
robot1,OBSTACLE_RECEIVED,"{""robot_id"": ""robot1"", ""event"": ""OBSTACLE_RECEIVED"", ""from"": ""robot3"", ""position"": [3.0270517764167812, 1.8911045044694355], ""mode"": ""coordinated""}"
robot3,OBSTACLE_RECEIVED,"{""robot_id"": ""robot3"", ""event"": ""OBSTACLE_RECEIVED"", ""from"": ""robot1"", ""position"": [3.43462851819181, 4.0482522433716035], ""mode"": ""coordinated""}"
robot2,OBSTACLE_RECEIVED,"{""robot_id"": ""robot2"", ""event"": ""OBSTACLE_RECEIVED"", ""from"": ""robot1"", ""position"": [3.43462851819181, 4.0482522433716035], ""mode"": ""coordinated""}"
robot3,OBSTACLE_RECEIVED,"{""robot_id"": ""robot3"", ""event"": ""OBSTACLE_RECEIVED"", ""from"": ""robot1"", ""position"": [3.4957798825485096, 3.4912057003336328], ""mode"": ""coordinated""}"
robot2,OBSTACLE_RECEIVED,"{""robot_id"": ""robot2"", ""event"": ""OBSTACLE_RECEIVED"", ""from"": ""robot1"", ""position"": [3.4957798825485096, 3.4912057003336328], ""mode"": ""coordinated""}"
robot2,OBSTACLE_RECEIVED,"{""robot_id"": ""robot2"", ""event"": ""OBSTACLE_RECEIVED"", ""from"": ""robot3"", ""position"": [2.962700012857105, 1.9132484385220436], ""mode"": ""coordinated""}"
robot1,OBSTACLE_RECEIVED,"{""robot_id"": ""robot1"", ""event"": ""OBSTACLE_RECEIVED"", ""from"": ""robot3"", ""position"": [2.962700012857105, 1.9132484385220436], ""mode"": ""coordinated""}"
robot2,OBSTACLE_RECEIVED,"{""robot_id"": ""robot2"", ""event"": ""OBSTACLE_RECEIVED"", ""from"": ""robot1"", ""position"": [3.681405038170225, 3.0135090006405845], ""mode"": ""coordinated""}"
robot3,OBSTACLE_RECEIVED,"{""robot_id"": ""robot3"", ""event"": ""OBSTACLE_RECEIVED"", ""from"": ""robot1"", ""position"": [3.681405038170225, 3.0135090006405845], ""mode"": ""coordinated""}"
robot1,OBSTACLE_RECEIVED,"{""robot_id"": ""robot1"", ""event"": ""OBSTACLE_RECEIVED"", ""from"": ""robot3"", ""position"": [3.0251386970169682, 1.8757948921677317], ""mode"": ""coordinated""}"
robot2,OBSTACLE_RECEIVED,"{""robot_id"": ""robot2"", ""event"": ""OBSTACLE_RECEIVED"", ""from"": ""robot3"", ""position"": [3.0251386970169682, 1.8757948921677317], ""mode"": ""coordinated""}"
robot3,OBSTACLE_RECEIVED,"{""robot_id"": ""robot3"", ""event"": ""OBSTACLE_RECEIVED"", ""from"": ""robot1"", ""position"": [3.9546947868809665, 2.578690192222875], ""mode"": ""coordinated""}"
robot2,OBSTACLE_RECEIVED,"{""robot_id"": ""robot2"", ""event"": ""OBSTACLE_RECEIVED"", ""from"": ""robot1"", ""position"": [3.9546947868809665, 2.578690192222875], ""mode"": ""coordinated""}"
robot2,OBSTACLE_RECEIVED,"{""robot_id"": ""robot2"", ""event"": ""OBSTACLE_RECEIVED"", ""from"": ""robot1"", ""position"": [4.318532821179772, 2.234028343261381], ""mode"": ""coordinated""}"
robot3,OBSTACLE_RECEIVED,"{""robot_id"": ""robot3"", ""event"": ""OBSTACLE_RECEIVED"", ""from"": ""robot1"", ""position"": [4.318532821179772, 2.234028343261381], ""mode"": ""coordinated""}"
robot2,OBSTACLE_RECEIVED,"{""robot_id"": ""robot2"", ""event"": ""OBSTACLE_RECEIVED"", ""from"": ""robot3"", ""position"": [3.053562129175935, 1.8556902960405874], ""mode"": ""coordinated""}"
robot1,OBSTACLE_RECEIVED,"{""robot_id"": ""robot1"", ""event"": ""OBSTACLE_RECEIVED"", ""from"": ""robot3"", ""position"": [3.053562129175935, 1.8556902960405874], ""mode"": ""coordinated""}"
robot3,OBSTACLE_RECEIVED,"{""robot_id"": ""robot3"", ""event"": ""OBSTACLE_RECEIVED"", ""from"": ""robot1"", ""position"": [4.730262947640685, 1.9134451290724481], ""mode"": ""coordinated""}"
robot2,OBSTACLE_RECEIVED,"{""robot_id"": ""robot2"", ""event"": ""OBSTACLE_RECEIVED"", ""from"": ""robot1"", ""position"": [4.730262947640685, 1.9134451290724481], ""mode"": ""coordinated""}"
robot2,OBSTACLE_RECEIVED,"{""robot_id"": ""robot2"", ""event"": ""OBSTACLE_RECEIVED"", ""from"": ""robot3"", ""position"": [3.0430968802404443, 1.8404252024151668], ""mode"": ""coordinated""}"
robot1,OBSTACLE_RECEIVED,"{""robot_id"": ""robot1"", ""event"": ""OBSTACLE_RECEIVED"", ""from"": ""robot3"", ""position"": [3.0430968802404443, 1.8404252024151668], ""mode"": ""coordinated""}"
robot2,OBSTACLE_RECEIVED,"{""robot_id"": ""robot2"", ""event"": ""OBSTACLE_RECEIVED"", ""from"": ""robot1"", ""position"": [5.144522471138807, 1.5940210017859036], ""mode"": ""coordinated""}"
robot3,OBSTACLE_RECEIVED,"{""robot_id"": ""robot3"", ""event"": ""OBSTACLE_RECEIVED"", ""from"": ""robot1"", ""position"": [5.144522471138807, 1.5940210017859036], ""mode"": ""coordinated""}"
robot3,OBSTACLE_RECEIVED,"{""robot_id"": ""robot3"", ""event"": ""OBSTACLE_RECEIVED"", ""from"": ""robot2"", ""position"": [7.364225782906967, 1.1848013245335567], ""mode"": ""coordinated""}"
robot1,OBSTACLE_RECEIVED,"{""robot_id"": ""robot1"", ""event"": ""OBSTACLE_RECEIVED"", ""from"": ""robot2"", ""position"": [7.364225782906967, 1.1848013245335567], ""mode"": ""coordinated""}"
robot2,OBSTACLE_RECEIVED,"{""robot_id"": ""robot2"", ""event"": ""OBSTACLE_RECEIVED"", ""from"": ""robot3"", ""position"": [10.02368210144242, 1.7721815449240557], ""mode"": ""coordinated""}"
robot1,OBSTACLE_RECEIVED,"{""robot_id"": ""robot1"", ""event"": ""OBSTACLE_RECEIVED"", ""from"": ""robot3"", ""position"": [10.02368210144242, 1.7721815449240557], ""mode"": ""coordinated""}"
robot1,OBSTACLE_RECEIVED,"{""robot_id"": ""robot1"", ""event"": ""OBSTACLE_RECEIVED"", ""from"": ""robot2"", ""position"": [7.844899768767317, 1.4149886870423176], ""mode"": ""coordinated""}"
robot3,OBSTACLE_RECEIVED,"{""robot_id"": ""robot3"", ""event"": ""OBSTACLE_RECEIVED"", ""from"": ""robot2"", ""position"": [7.844899768767317, 1.4149886870423176], ""mode"": ""coordinated""}"
robot3,OBSTACLE_RECEIVED,"{""robot_id"": ""robot3"", ""event"": ""OBSTACLE_RECEIVED"", ""from"": ""robot2"", ""position"": [8.369064170077792, 1.6534103100699096], ""mode"": ""coordinated""}"
robot1,OBSTACLE_RECEIVED,"{""robot_id"": ""robot1"", ""event"": ""OBSTACLE_RECEIVED"", ""from"": ""robot2"", ""position"": [8.369064170077792, 1.6534103100699096], ""mode"": ""coordinated""}"
robot2,OBSTACLE_RECEIVED,"{""robot_id"": ""robot2"", ""event"": ""OBSTACLE_RECEIVED"", ""from"": ""robot3"", ""position"": [10.020954592449305, 1.7624928884706244], ""mode"": ""coordinated""}"
robot1,OBSTACLE_RECEIVED,"{""robot_id"": ""robot1"", ""event"": ""OBSTACLE_RECEIVED"", ""from"": ""robot3"", ""position"": [10.020954592449305, 1.7624928884706244], ""mode"": ""coordinated""}"
robot1,OBSTACLE_RECEIVED,"{""robot_id"": ""robot1"", ""event"": ""OBSTACLE_RECEIVED"", ""from"": ""robot2"", ""position"": [8.827691835741303, 1.8672570893214924], ""mode"": ""coordinated""}"
robot3,OBSTACLE_RECEIVED,"{""robot_id"": ""robot3"", ""event"": ""OBSTACLE_RECEIVED"", ""from"": ""robot2"", ""position"": [8.827691835741303, 1.8672570893214924], ""mode"": ""coordinated""}"
robot1,OBSTACLE_RECEIVED,"{""robot_id"": ""robot1"", ""event"": ""OBSTACLE_RECEIVED"", ""from"": ""robot3"", ""position"": [9.995154055224544, 1.780746638858683], ""mode"": ""coordinated""}"
robot2,OBSTACLE_RECEIVED,"{""robot_id"": ""robot2"", ""event"": ""OBSTACLE_RECEIVED"", ""from"": ""robot3"", ""position"": [9.995154055224544, 1.780746638858683], ""mode"": ""coordinated""}"
robot1,OBSTACLE_RECEIVED,"{""robot_id"": ""robot1"", ""event"": ""OBSTACLE_RECEIVED"", ""from"": ""robot2"", ""position"": [9.293980027361625, 2.084146369320014], ""mode"": ""coordinated""}"
robot3,OBSTACLE_RECEIVED,"{""robot_id"": ""robot3"", ""event"": ""OBSTACLE_RECEIVED"", ""from"": ""robot2"", ""position"": [9.293980027361625, 2.084146369320014], ""mode"": ""coordinated""}"
robot1,OBSTACLE_RECEIVED,"{""robot_id"": ""robot1"", ""event"": ""OBSTACLE_RECEIVED"", ""from"": ""robot2"", ""position"": [9.78155081058156, 2.328998508929206], ""mode"": ""coordinated""}"
robot3,OBSTACLE_RECEIVED,"{""robot_id"": ""robot3"", ""event"": ""OBSTACLE_RECEIVED"", ""from"": ""robot2"", ""position"": [9.78155081058156, 2.328998508929206], ""mode"": ""coordinated""}"
robot1,OBSTACLE_RECEIVED,"{""robot_id"": ""robot1"", ""event"": ""OBSTACLE_RECEIVED"", ""from"": ""robot3"", ""position"": [10.046642109221978, 1.7993826761852743], ""mode"": ""coordinated""}"
robot2,OBSTACLE_RECEIVED,"{""robot_id"": ""robot2"", ""event"": ""OBSTACLE_RECEIVED"", ""from"": ""robot3"", ""position"": [10.046642109221978, 1.7993826761852743], ""mode"": ""coordinated""}"
robot3,OBSTACLE_RECEIVED,"{""robot_id"": ""robot3"", ""event"": ""OBSTACLE_RECEIVED"", ""from"": ""robot2"", ""position"": [10.231221632572638, 2.5720817935617792], ""mode"": ""coordinated""}"
robot1,OBSTACLE_RECEIVED,"{""robot_id"": ""robot1"", ""event"": ""OBSTACLE_RECEIVED"", ""from"": ""robot2"", ""position"": [10.231221632572638, 2.5720817935617792], ""mode"": ""coordinated""}"
robot3,CONFLICT_YIELD,"{""robot_id"": ""robot3"", ""event"": ""CONFLICT_YIELD"", ""peer"": ""robot2"", ""position"": [9.48024611294636, 2.300916896774126], ""mode"": ""coordinated""}"
robot1,OBSTACLE_RECEIVED,"{""robot_id"": ""robot1"", ""event"": ""OBSTACLE_RECEIVED"", ""from"": ""robot3"", ""position"": [10.078330390125465, 1.7820150662724947], ""mode"": ""coordinated""}"
robot2,OBSTACLE_RECEIVED,"{""robot_id"": ""robot2"", ""event"": ""OBSTACLE_RECEIVED"", ""from"": ""robot3"", ""position"": [10.078330390125465, 1.7820150662724947], ""mode"": ""coordinated""}"
robot3,CONFLICT_YIELD,"{""robot_id"": ""robot3"", ""event"": ""CONFLICT_YIELD"", ""peer"": ""robot2"", ""position"": [9.48024611294636, 2.300916896774126], ""mode"": ""coordinated""}"
robot3,OBSTACLE_RECEIVED,"{""robot_id"": ""robot3"", ""event"": ""OBSTACLE_RECEIVED"", ""from"": ""robot2"", ""position"": [10.70303873399914, 2.7616557733541054], ""mode"": ""coordinated""}"
robot1,OBSTACLE_RECEIVED,"{""robot_id"": ""robot1"", ""event"": ""OBSTACLE_RECEIVED"", ""from"": ""robot2"", ""position"": [10.70303873399914, 2.7616557733541054], ""mode"": ""coordinated""}"
robot3,CONFLICT_YIELD,"{""robot_id"": ""robot3"", ""event"": ""CONFLICT_YIELD"", ""peer"": ""robot2"", ""position"": [9.44756483804531, 2.4104652763972467], ""mode"": ""coordinated""}"
robot3,CONFLICT_YIELD,"{""robot_id"": ""robot3"", ""event"": ""CONFLICT_YIELD"", ""peer"": ""robot2"", ""position"": [9.44756483804531, 2.4104652763972467], ""mode"": ""coordinated""}"
robot3,CONFLICT_YIELD,"{""robot_id"": ""robot3"", ""event"": ""CONFLICT_YIELD"", ""peer"": ""robot2"", ""position"": [9.478246448609923, 2.4435631162459117], ""mode"": ""coordinated""}"
robot3,OBSTACLE_RECEIVED,"{""robot_id"": ""robot3"", ""event"": ""OBSTACLE_RECEIVED"", ""from"": ""robot2"", ""position"": [11.220459538601105, 2.8428446629372175], ""mode"": ""coordinated""}"
robot1,OBSTACLE_RECEIVED,"{""robot_id"": ""robot1"", ""event"": ""OBSTACLE_RECEIVED"", ""from"": ""robot2"", ""position"": [11.220459538601105, 2.8428446629372175], ""mode"": ""coordinated""}"
robot2,OBSTACLE_RECEIVED,"{""robot_id"": ""robot2"", ""event"": ""OBSTACLE_RECEIVED"", ""from"": ""robot3"", ""position"": [10.05775702586175, 1.7890558567980261], ""mode"": ""coordinated""}"
robot1,OBSTACLE_RECEIVED,"{""robot_id"": ""robot1"", ""event"": ""OBSTACLE_RECEIVED"", ""from"": ""robot3"", ""position"": [10.05775702586175, 1.7890558567980261], ""mode"": ""coordinated""}"
robot3,CONFLICT_YIELD,"{""robot_id"": ""robot3"", ""event"": ""CONFLICT_YIELD"", ""peer"": ""robot2"", ""position"": [9.478246448609923, 2.4435631162459117], ""mode"": ""coordinated""}"
robot3,CONFLICT_YIELD,"{""robot_id"": ""robot3"", ""event"": ""CONFLICT_YIELD"", ""peer"": ""robot2"", ""position"": [9.538690327684435, 2.448766935598357], ""mode"": ""coordinated""}"
robot1,OBSTACLE_RECEIVED,"{""robot_id"": ""robot1"", ""event"": ""OBSTACLE_RECEIVED"", ""from"": ""robot2"", ""position"": [11.738251676196501, 2.889258594935539], ""mode"": ""coordinated""}"
robot3,OBSTACLE_RECEIVED,"{""robot_id"": ""robot3"", ""event"": ""OBSTACLE_RECEIVED"", ""from"": ""robot2"", ""position"": [11.738251676196501, 2.889258594935539], ""mode"": ""coordinated""}"
robot3,CONFLICT_YIELD,"{""robot_id"": ""robot3"", ""event"": ""CONFLICT_YIELD"", ""peer"": ""robot2"", ""position"": [9.538690327684435, 2.448766935598357], ""mode"": ""coordinated""}"
robot3,CONFLICT_YIELD,"{""robot_id"": ""robot3"", ""event"": ""CONFLICT_YIELD"", ""peer"": ""robot2"", ""position"": [9.80000014603138, 2.3000000342726707], ""mode"": ""coordinated""}"
robot2,OBSTACLE_RECEIVED,"{""robot_id"": ""robot2"", ""event"": ""OBSTACLE_RECEIVED"", ""from"": ""robot3"", ""position"": [10.08848260765798, 1.781220273175208], ""mode"": ""coordinated""}"
robot1,OBSTACLE_RECEIVED,"{""robot_id"": ""robot1"", ""event"": ""OBSTACLE_RECEIVED"", ""from"": ""robot3"", ""position"": [10.08848260765798, 1.781220273175208], ""mode"": ""coordinated""}"
robot3,CONFLICT_YIELD,"{""robot_id"": ""robot3"", ""event"": ""CONFLICT_YIELD"", ""peer"": ""robot2"", ""position"": [9.80000014603138, 2.3000000342726707], ""mode"": ""coordinated""}"
robot1,OBSTACLE_RECEIVED,"{""robot_id"": ""robot1"", ""event"": ""OBSTACLE_RECEIVED"", ""from"": ""robot2"", ""position"": [12.252938941209413, 2.9104234150826165], ""mode"": ""coordinated""}"
robot3,OBSTACLE_RECEIVED,"{""robot_id"": ""robot3"", ""event"": ""OBSTACLE_RECEIVED"", ""from"": ""robot2"", ""position"": [12.252938941209413, 2.9104234150826165], ""mode"": ""coordinated""}"
robot3,CONFLICT_YIELD,"{""robot_id"": ""robot3"", ""event"": ""CONFLICT_YIELD"", ""peer"": ""robot2"", ""position"": [10.100000150501728, 2.1000000312924385], ""mode"": ""coordinated""}"
robot3,CONFLICT_YIELD,"{""robot_id"": ""robot3"", ""event"": ""CONFLICT_YIELD"", ""peer"": ""robot2"", ""position"": [10.100000150501728, 2.1000000312924385], ""mode"": ""coordinated""}"
robot3,CONFLICT_YIELD,"{""robot_id"": ""robot3"", ""event"": ""CONFLICT_YIELD"", ""peer"": ""robot2"", ""position"": [10.500000156462193, 1.9000000283122063], ""mode"": ""coordinated""}"
robot3,CONFLICT_YIELD,"{""robot_id"": ""robot3"", ""event"": ""CONFLICT_YIELD"", ""peer"": ""robot2"", ""position"": [10.500000156462193, 1.9000000283122063], ""mode"": ""coordinated""}"
robot3,1,"{""robot_id"": ""robot3"", ""waypoint_idx"": 1, ""send_time"": 257.724, ""reach_time"": 318.081, ""duration"": 60.357, ""mode"": ""coordinated"", ""status"": 4}"
robot3,ALL_DONE,"{""robot_id"": ""robot3"", ""event"": ""ALL_DONE"", ""total_time"": 299.355, ""mode"": ""coordinated""}"
